1975;metro
1981;metro
1978;metro
1980;metro
1982;metro
11037;metro
1984;metro
1986;metro
1988;metro
225437;metro
1989;metro
1992;metro
1994;metro
1995;metro
1997;metro
1999;metro
50622;metro
2000;metro
2003;metro
2004;metro
1938;metro
2005;metro
51020;metro
2006;metro
2007;metro
2009;metro
2010;metro
2011;metro
2012;metro
2014;metro
2015;metro
2016;metro
2017;metro
2018;metro
2019;metro
1930;metro
1933;metro
1931;metro
1936;metro
1937;metro
1939;metro
1940;metro
1941;metro
1942;metro
228266;metro
1944;metro
1949;metro
1950;metro
1951;metro
1953;metro
1952;metro
1955;metro
1961;metro
1962;metro
1963;metro
1960;metro
1964;metro
1968;metro
1957;metro
1958;metro
1959;metro
1969;metro
54244;metro
1972;metro
1973;metro
1885;metro
1887;metro
1888;metro
1889;metro
1890;metro
1892;metro
1893;metro
50055;metro
1897;metro
1898;metro
1899;metro
1894;metro
1896;metro
1900;metro
1901;metro
1902;metro
1906;metro
1907;metro
1908;metro
1909;metro
23674;metro
1910;metro
1911;metro
1912;metro
1913;metro
1914;metro
1915;metro
1916;metro
1917;metro
1918;metro
1925;metro
1919;metro
1923;metro
1924;metro
454595;metro
2021;metro
2022;metro
22443;metro
1927;metro
1928;metro
1929;metro
1838;metro
1841;metro
1839;metro
1842;metro
1844;metro
1846;metro
1848;metro
1849;metro
1671;metro
1851;metro
1852;metro
1853;metro
1855;metro
1858;metro
1857;metro
1859;metro
1860;metro
1861;metro
1862;metro
1864;metro
1865;metro
1866;metro
1867;metro
1868;metro
1869;metro
1850;metro
1872;metro
1879;metro
1874;metro
1876;metro
54166;metro
1882;metro
1798;metro
1793;metro
1795;metro
225436;metro
1800;metro
1801;metro
1802;metro
1803;metro
1804;metro
1806;metro
1807;metro
1808;metro
1809;metro
1812;metro
1813;metro
1816;metro
1817;metro
466736;metro
1818;metro
1819;metro
1814;metro
1815;metro
1820;metro
21583;metro
21582;metro
22442;metro
22441;metro
1826;metro
55372;metro
1828;metro
1829;metro
1831;metro
1834;metro
1754;metro
1836;metro
1837;metro
1835;metro
1746;metro
1747;metro
1749;metro
1750;metro
1751;metro
1753;metro
1758;metro
1761;metro
1767;metro
1768;metro
1769;metro
1770;metro
171507;metro
1771;metro
11038;metro
11039;metro
1773;metro
1774;metro
1779;metro
1780;metro
1781;metro
1782;metro
1740;metro
1741;metro
1783;metro
1784;metro
1785;metro
1786;metro
1787;metro
1790;metro
1792;metro
1789;metro
1788;metro
1705;metro
397629;metro
1706;metro
1708;metro
1709;metro
1710;metro
1711;metro
1712;metro
1714;metro
1717;metro
1721;metro
1722;metro
1723;metro
1724;metro
1725;metro
1726;metro
1734;metro
1735;metro
1727;metro
1728;metro
1729;metro
1730;metro
1736;metro
1731;metro
1732;metro
1733;metro
1718;metro
1719;metro
1715;metro
1720;metro
1716;metro
1737;metro
1738;metro
50047;metro
55330;metro
1742;metro
1743;metro
1744;metro
1745;metro
1659;metro
1660;metro
1676;metro
1661;metro
1679;metro
1662;metro
1664;metro
1665;metro
1666;metro
1667;metro
1670;metro
1672;metro
1673;metro
1674;metro
1693;metro
1680;metro
1681;metro
22439;metro
50399;metro
1684;metro
1685;metro
1686;metro
1687;metro
1688;metro
1689;metro
1690;metro
1691;metro
1694;metro
1695;metro
1696;metro
1697;metro
1699;metro
1698;metro
1631;metro
1702;metro
1632;metro
1633;metro
1621;metro
1622;metro
1627;metro
1628;metro
1630;metro
55329;metro
1634;metro
1635;metro
1636;metro
1638;metro
1639;metro
1640;metro
1643;metro
1644;metro
1645;metro
1646;metro
1648;metro
1650;metro
1649;metro
1651;metro
1654;metro
1656;metro
1657;metro
1658;metro
1983;rer
1985;rer
1990;rer
1996;rer
2013;rer
2020;rer
1932;rer
1934;rer
1935;rer
1948;rer
1954;rer
1956;rer
1970;rer
1891;rer
1904;rer
1920;rer
1921;rer
1922;rer
1845;rer
1847;rer
1863;rer
1870;rer
1871;rer
1873;rer
1880;rer
1878;rer
1884;rer
1794;rer
1799;rer
15524;rer
15523;rer
1805;rer
1810;rer
1811;rer
1830;rer
1755;rer
1756;rer
1757;rer
1759;rer
1762;rer
1763;rer
1764;rer
1765;rer
1766;rer
1772;rer
1775;rer
1776;rer
1778;rer
1713;rer
1668;rer
1675;rer
15522;rer
1624;rer
1626;rer
1701;rer
1629;rer
1637;rer
53960;rer
1655;rer
1832;rer
5604;rer
1967;rer
1843;rer
1840;rer
1833;rer
446307;tram
446353;tram
142785;tram
446348;tram
136234;tram
446349;tram
433654;tram
57295;tram
433649;tram
136238;tram
23877;tram
465173;tram
446310;tram
446315;tram
445424;tram
444982;tram
142808;tram
136244;tram
446318;tram
142806;tram
142805;tram
142801;tram
446312;tram
136235;tram
136240;tram
142798;tram
142794;tram
453852;tram
433651;tram
445426;tram
444984;tram
433655;tram
142796;tram
142792;tram
136237;tram
465170;tram
142793;tram
142797;tram
142807;tram
446309;tram
433650;tram
142803;tram
465169;tram
445423;tram
445433;tram
136241;tram
142786;tram
433652;tram
433653;tram
465165;tram
142790;tram
444981;tram
444987;tram
57293;tram
444988;tram
446344;tram
57292;tram
23879;tram
444986;tram
142789;tram
444979;tram
444980;tram
142810;tram
446304;tram
446347;tram
142799;tram
142795;tram
465168;tram
446352;tram
136243;tram
23876;tram
142782;tram
444983;tram
465167;tram
445421;tram
142783;tram
446346;tram
142784;tram
446284;tram
446317;tram
446305;tram
446350;tram
136248;tram
446319;tram
446314;tram
446303;tram
446311;tram
446323;tram
136239;tram
465172;tram
446285;tram
446354;tram
446302;tram
465171;tram
136247;tram
136249;tram
446351;tram
136242;tram
136246;tram
23870;tram
446316;tram
446306;tram
446286;tram
142802;tram
465166;tram
302756;tram
142811;tram
444985;tram
445422;tram
